Template,Max Pixels
1,0.63932353
2,0.5864591
3,0.59340477
4,0.5159735
5,0.4631641
6,0.5197819
7,0.56876636
8,0.48505774
9,0.53519785
b,0.5046135
c,0.5179463
d,0.5090531
f,0.5626537
g,0.5578652
h,0.52159476
j,0.5057451
k,0.5111355
l,0.5480626
m,0.49657163
n,0.48524454
p,0.53994423
r,0.48430687
s,0.49434438
t,0.6023482
v,0.53385
w,0.48531455
x,0.5729715
z,0.5698065